pagina,titulo,post_id,tag_sugerida,TAG_NO_CLINT
acao-contato-suporte,"[ACAO] Contato - SUPORTE",17556,CONTATO_SUPORTE,
acao-jayremove-campanha-ciafol-apagar,"[ACAO] JAYREMOVE Campanha - CIAFOL APAGAR",17789,JAYREMOVE_CAMPANHA_CIAFOL_APAGAR,
acao-jayremove-campanha-ciafol-avaliar,"[ACAO] JAYREMOVE Campanha - CIAFOL AVALIAR",17813,JAYREMOVE_CAMPANHA_CIAFOL_AVALIAR,
acao-jayremove-campanha-ciafol-infinita,"[ACAO] JAYREMOVE Campanha - CIAFOL INFINITA",17719,JAYREMOVE_CAMPANHA_CIAFOL_INFINITA,
acao-jayremove-campanha-ciafol-triade,"[ACAO] JAYREMOVE Campanha - CIAFOL TRIADE",17800,JAYREMOVE_CAMPANHA_CIAFOL_TRIADE,
acao-lips-laser-quero,"[ACAO] LIPS SENSE Campanha - LASER- QUERO",17619,LIPS_LASER_QUERO,
acao-lips-sense-campanha-bofu,"[ACAO] LIPS SENSE Campanha - BOFU",17516,LIPS_SENSE_CAMPANHA_BOFU,
acao-lips-sense-campanha-ciafol-cuidados,"[ACAO] LIPS SENSE Campanha - CIAFOL Cuidados",17574,LIPS_SENSE_CAMPANHA_CIAFOL_CUIDADOS,
acao-lips-sense-campanha-ciafol-desenho,"[ACAO] LIPS SENSE Campanha - CIAFOL DESENHO",17550,LIPS_SENSE_CAMPANHA_CIAFOL_DESENHO,
acao-lips-sense-campanha-ciafol-estrutura,"[ACAO] LIPS SENSE Campanha - CIAFOL ESTRUTURA",17530,LIPS_SENSE_CAMPANHA_CIAFOL_ESTRUTURA,
acao-lips-sense-campanha-ciafol-fumante,"[ACAO] LIPS SENSE Campanha - CIAFOL FUMANTE",17600,LIPS_SENSE_CAMPANHA_CIAFOL_FUMANTE,
acao-lips-sense-campanha-ciafol-melanina,"[ACAO] LIPS SENSE Campanha - CIAFOL Melanina",17584,LIPS_SENSE_CAMPANHA_CIAFOL_MELANINA,
acao-lips-sense-campanha-ciafol-neutraliza,"[ACAO] LIPS SENSE Campanha - CIAFOL NEUTRALIZA",17568,LIPS_SENSE_CAMPANHA_CIAFOL_NEUTRALIZA,
acao-lips-sense-campanha-ciafol-risco,"[ACAO] LIPS SENSE Campanha - CIAFOL RISCO",17535,LIPS_SENSE_CAMPANHA_CIAFOL_RISCO,
acao-lips-sense-campanha-mofu,"[ACAO] LIPS SENSE Campanha - MOFU",17515,LIPS_SENSE_CAMPANHA_MOFU,
acao-lips-sense-campanha-st-beauty,"[ACAO] LIPS SENSE Campanha - ST BEAUTY",17609,LIPS_SENSE_CAMPANHA_ST_BEAUTY,
acao-lips-sense-campanha-stories,"[ACAO] LIPS SENSE Campanha - stories",17545,LIPS_SENSE_CAMPANHA_STORIES,
acao-lips-sense-campanha-tofu,"[ACAO] LIPS SENSE Campanha - TOFU",17503,LIPS_SENSE_CAMPANHA_TOFU,
acao-mshadow,"[ACAO] JAYREMOVE- MSHADOW",17690,MSHADOW,
acao-mshadow1,"[ACAO] MSHADOW1",17901,MSHADOW1,
basic-magic-shadow,"Shadow PRO - Curso de Micropigmentação by James Olaya",,BASIC_MAGIC_SHADOW,
basic-nanofios,"Curso Online Basic NanoFios by James Olaya",11584,BASIC_NANOFIOS,
beautyempreenda,"[ACAO] Contato Empreenda - JAYBEAUTY STORIES",17392,BEAUTYEMPREENDA,
cadastro-palestra,"Cadastro Palestra",2963,CADASTRO_PALESTRA,
campanha-vogue,"[ACAO] STVOGUE Campanha",17483,CAMPANHA_VOGUE,
campremove,"[ACAO] JAYREMOVE Campanha",17403,CAMPREMOVE,
ciafol-luz,"[ACAO] JAYREMOVE Campanha - CIAFOL LUZ",17713,CIAFOL_LUZ,
ciafol-reparo,"[ACAO] JAYREMOVE Campanha - CIAFOL REPARO",17493,CIAFOL_REPARO,
compra-aprovada-obrigado,"Compra Aprovada - Obrigado",11584,COMPRA_APROVADA_OBRIGADO,
condicao-especial-eventos,"Condição Especial Eventos",11584,CONDICAO_ESPECIAL_EVENTOS,
contato-inmersion,"[INMERSION] Contato Instagram by James Olaya",17375,CONTATO_INMERSION,
contato-instagram,"[PRESENCIAL] Contato Instagram by James Olaya",17208,CONTATO_INSTAGRAM,
contato-instagram-ia,"[PRESENCIAL] Contato Instagram by James Olaya - IA",17562,CONTATO_INSTAGRAM_IA,
curso-online-basic-magic-shadow-by-james-olaya,"Curso Online Basic Magic Shadow by James Olaya",11584,CURSO_ONLINE_BASIC_MAGIC_SHADOW_BY_JAMES_OLAYA,
curso-online-basic-magic-shadow-by-james-olaya-promo,"Curso Online Basic Magic Shadow by James Olaya PROMO",11584,CURSO_ONLINE_BASIC_MAGIC_SHADOW_BY_JAMES_OLAYA_PROMO,
curso-online-profissao-remove,"Curso Online Profissão Remove",11584,CURSO_ONLINE_PROFISSAO_REMOVE,
fio-a-fio-realista-by-james-olaya,"Curso de micropigmentação fio a fio por James Olaya",11584,FIO_A_FIO_REALISTA_BY_JAMES_OLAYA,
fio-a-fio-realista-by-james-olaya-up,"Curso de micropigmentação fio a fio por James Olaya",11584,FIO_A_FIO_REALISTA_BY_JAMES_OLAYA_UP,
fio-a-fio-realista-by-james-olaya-up-v2,"Curso de micropigmentação fio a fio por James Olaya",11584,FIO_A_FIO_REALISTA_BY_JAMES_OLAYA_UP_V2,
jamesflix-remove,"Jamesflix Remove",11584,JAMESFLIX_REMOVE,
lips-sense-avancado-micropigmentacao-labial-estrategica,"LIPS SENSE Avançado — Micropigmentação Labial Estratégica",11584,LIPS_SENSE_AVANCADO_MICROPIGMENTACAO_LABIAL_ESTRATEGICA,
lips-sense-avancado-micropigmentacao-labial-estrategica-2,"LIPS SENSE Avançado Micropigmentação Labial Estratégica",11584,LIPS_SENSE_AVANCADO_MICROPIGMENTACAO_LABIAL_ESTRATEGICA_2,
lp-lips-sense-technic-v1,"LP Lips Sense Technic V1",11071,LIPS_SENSE_TECHNIC_V1,
lp-lips-sense-technic-v1b,"lp-lips-sense-technic-v1b",11494,LIPS_SENSE_TECHNIC_V1B,
magic-shadow-by-james-olaya,"Efeito Magic Shadow - Curso de Micropigmentação James Olaya",11584,MAGIC_SHADOW_BY_JAMES_OLAYA,
magic-shadow-by-james-olaya-up,"Efeito Magic Shadow - Curso de Micropigmentação James Olaya",11584,MAGIC_SHADOW_BY_JAMES_OLAYA_UP,
magic-shadow-by-james-olaya-v2,"Magic Shadow by James Olaya v2",11584,MAGIC_SHADOW_BY_JAMES_OLAYA_V2,
magic-shadow-ciafol-bordas,"[ACAO] MAGIC SHADOW ADV Campanha - CIAFOL BORDAS",17697,MAGIC_SHADOW_CIAFOL_BORDAS,
magic-shadow-ciafol-escolhas,"[ACAO] JAYREMOVE Campanha - CIAFOL ESCOLHA",17708,MAGIC_SHADOW_CIAFOL_ESCOLHAS,
magic-shadow-ciafol-naturals,"[ACAO] LIPS SENSE Campanha - CIAFOL- SHADOW- NATURAL",17702,MAGIC_SHADOW_CIAFOL_NATURALS,
masterclass-prime-lips-by-james-olaya,"Curso de Micropigmentação Labial com James Olaya",11584,MASTERCLASS_PRIME_LIPS_BY_JAMES_OLAYA,
metodo-shadow-pro,"Método Shadow PRO — James Olaya | Shadow Natural com degradê limpo",,METODO_SHADOW_PRO,
obrigado-lips-sense-technic,"Obrigado - Lips Sense Technic",11584,OBRIGADO_LIPS_SENSE_TECHNIC,
pdv-lips-sense-technique,"PDV Lips Sense Technique",11584,LIPS_SENSE_TECHNIQUE,
pdv-lips-sense-technique-v2,"PDV Lips Sense Technique - v2",11584,LIPS_SENSE_TECHNIQUE_V2,
pmu-class-super-oferta,"[ONLINE] PMU Class Super Oferta",11584,PMU_CLASS_SUPER_OFERTA,
pmu-pro,"PMU PRO - A Carreira de professor que você sempre sonhou!",2592,PMU_PRO,
pmuclass,"PMU CLASS — Escola de Micropigmentação James Olaya",,PMUCLASS,
remove_ad_b,"[ACAO] JAYREMOVE Campanha - REMOVE_AD_B",17470,REMOVE_AD_B,
remove_ad_m,"[ACAO] JAYREMOVE Campanha - REMOVE_AD_M",17436,REMOVE_AD_M,
remove_fd_b,"[ACAO] JAYREMOVE Campanha - REMOVE_FD_B",17431,REMOVE_FD_B,
remove_fd_b-copia-2,"[ACAO] JAYREMOVE Campanha - REMOVE_FD_B",17431,REMOVE_FD_B_COPIA_2,
remove_fd_m,"[ACAO] JAYREMOVE Campanha - REMOVE_FD_M",17430,REMOVE_FD_M,
remove_st_b,"[ACAO] JAYREMOVE Campanha - REMOVE_ST_B",17429,REMOVE_ST_B,
remove_st_m,"[ACAO] JAYREMOVE Campanha - REMOVE_ST_M",17428,REMOVE_ST_M,
remove_st_t,"[ACAO] JAYREMOVE Campanha - REMOVE_ST_T",17478,REMOVE_ST_T,
stbrows,"[ACAO] STBROWS Contato Instagram by James Olaya",17386,STBROWS,
stnano,"[ACAO] STNANO Contato Instagram by James Olaya",17363,STNANO,
up-fio-a-fio-magic-shadow,"Up Fio a Fio Magic Shadow",11584,FIO_A_FIO_MAGIC_SHADOW,
up-pmuclass-1,"PMU Upsell",11584,PMUCLASS_1,